area,agency_id,agency_name,agency_url,agency_timezone,agency_phone,agency_fare_url
            ,2,Helsingin seudun liikenne,https://www.hsl.fi,Europe/Helsinki,,
            ,3,Tampere,http://joukkoliikenne.tampere.fi/,Europe/Helsinki,,
jyvaskyla   ,379194,Jyväskylän Liikenne Oy,http://www.jyvaskylanliikenne.fi,Europe/Helsinki,,
jyvaskyla   ,379195,TILAUSAJOT MENNÄÄN BUSSILLA OY,http://www.mennaanbussilla.fi/,Europe/Helsinki,,
jyvaskyla   ,379196,Koivuranta Oy,http://www.koivuranta.fi,Europe/Helsinki,,
jyvaskyla   ,379197,Matka Mäkelä Oy,http://matkamakela.fi/,Europe/Helsinki,,
jyvaskyla   ,379198,Uuraisten Liikenne Ky,http://www.uuraistenliikenne.fi,Europe/Helsinki,,
jyvaskyla   ,379199,Töysän linja Oy,http://www.toysanlinja.fi/,Europe/Helsinki,,
jyvaskyla   ,379200,SOISALON LIIKENNE OY,http://www.soisalonliikenne.com/,Europe/Helsinki,,
jyvaskyla   ,379201,Rautalammin Auto Oy,http://www.rautalamminauto.fi/,Europe/Helsinki,,
jyvaskyla   ,379202,Pohjolan Matka (Pohjolan Turistiauto Oy),http://www.pohjolanmatka.fi/,Europe/Helsinki,,
jyvaskyla   ,379203,Tilausliikenne Hokkinen Ky,http://www.tilausliikennehokkinen.fi/,Europe/Helsinki,,
turku       ,383153,FÖLI Turun seudun joukkoliikenne,http://www.foli.fi,Europe/Helsinki,02 262 4811,
turku       ,383154,"FÖLI Turun seudun joukkoliikenne/V-S ELY-keskus, palveluntuottaja Länsilinjat Oy",http://www.foli.fi,Europe/Helsinki,02 262 4811,
turku       ,383155,"FÖLI Turun seudun joukkoliikenne/V-S ELY-keskus, palveluntuottaja Turun Linja-autoilijain Osakeyhtiö",http://www.foli.fi,Europe/Helsinki,02 262 4811,
turku       ,383156,Turun Linja-autoilijain Osakeyhtiö,http://tlo.fi/,Europe/Helsinki,0100 8840,
            ,383662,FINNAIR,https://www.finnair.com/fi/fi,Europe/Helsinki,N/A,
            ,383663,BUDAPEST AIRCRAFT SERVICE LTD,http://www.liikennevirasto.fi/jl/virhe/,Europe/Helsinki,N/A,
            ,383664,NORWEGIAN AIR INTERNATIONAL,http://www.norwegian.com/fi/,Europe/Helsinki,N/A,
            ,383665,RAF-AVIA,http://www.liikennevirasto.fi/jl/virhe/,Europe/Helsinki,N/A,
            ,383666,AIR LEAP,http://www.liikennevirasto.fi/jl/virhe/,Europe/Helsinki,N/A,
            ,383960,JYVÄSKYLÄN LIIKENNE OY,http://www.jyvaskylanliikenne.fi/,Europe/Helsinki,N/A,
            ,383961,HYVINKÄÄN LIIKENNE OY,http://www.hyvinkaanliikenne.fi/,Europe/Helsinki,N/A,
            ,383962,OY POHJOLAN KAUPUNKILIIKENNE AB,http://www.pohjolanliikenne.fi,Europe/Helsinki,N/A,
            ,383963,SOISALON LIIKENNE OY,http://www.soisalonliikenne.com/,Europe/Helsinki,N/A,
            ,383964,OY KAJ FORSBLOM AB,http://www.kajforsblom.fi/,Europe/Helsinki,N/A,
            ,383965,KOIVUHUHTA KY,http://www.liikennevirasto.fi/jl/virhe/,Europe/Helsinki,N/A,
            ,383966,LINJALIIKENNE KIVISTÖ OY,http://www.kivistobus.com/,Europe/Helsinki,N/A,
            ,383967,WIKSTRÖMS BUSSTRAFIK AB,http://www.wikstromsbusstrafik.fi/fi/,Europe/Helsinki,N/A,
            ,383968,LIIKENNE SEPPÄLÄ OY,http://www.liikenneseppala.fi/,Europe/Helsinki,N/A,
            ,383969,HÅKAN ERIKSSON TRANSPORT OY AB,http://www.heriksson.fi/,Europe/Helsinki,N/A,
            ,383970,ELIMÄEN LIIKENNE OY,http://www.elimaenliikenne.fi/,Europe/Helsinki,N/A,
            ,383971,KOIVISTON AUTO OY,http://www.koivistonauto.fi/,Europe/Helsinki,N/A,
            ,383972,VENTONIEMI OY,http://www.ventoniemi.fi/etusivu.php,Europe/Helsinki,N/A,
            ,383973,TAXILINE KOSKINEN OY,http://www.liikennevirasto.fi/jl/virhe/,Europe/Helsinki,N/A,
            ,383974,J. VAINION LIIKENNE OY,http://www.vainionliikenne.fi/,Europe/Helsinki,N/A,
            ,383975,VALKEAKOSKEN LIIKENNE OY,http://www.valkeakoskenliikenne.fi/,Europe/Helsinki,N/A,
            ,383976,OY POHJOLAN LIIKENNE AB,https://www.pohjolanliikenne.fi,Europe/Helsinki,N/A,
            ,383977,PEKOLAN LIIKENNE OY,http://www.pekolanliikenne.fi/,Europe/Helsinki,N/A,
            ,383978,VUORISEN LIIKENNE OY,http://www.vuorisenliikenne.fi/,Europe/Helsinki,N/A,
            ,383979,BUSSILIIKENNE KOIVISTO OY,http://koivistobuses.fi/,Europe/Helsinki,N/A,
            ,383980,BUS TRAVEL OY REISSU RUOTI,http://www.reissuruoti.fi/,Europe/Helsinki,N/A,
            ,383981,TILAUSLIIKENNE RAASEPORI OY,http://www.tlraasepori.fi/,Europe/Helsinki,N/A,
            ,383982,KASILINJA OY,https://www.kasilinja.fi/,Europe/Helsinki,N/A,
            ,383983,MANNERKIVEN LIIKENNE OY,http://www.mannerkivenliikenne.fi/,Europe/Helsinki,N/A,
            ,383984,AMPERS BUSSTRAFIK AB,http://www.liikennevirasto.fi/jl/virhe/,Europe/Helsinki,N/A,
            ,383985,YHDYSLIIKENNE OY,http://www.pekolanliikenne.fi/,Europe/Helsinki,N/A,
            ,383986,LÄNSILINJAT OY,http://www.lansilinjat.fi/,Europe/Helsinki,N/A,
            ,383987,M. TERVO OY,http://www.mtervo.fi/,Europe/Helsinki,N/A,
            ,383988,SELEINKA OY,http://www.liikennevirasto.fi/jl/virhe/,Europe/Helsinki,N/A,
            ,383989,TURUN LINJA-AUTOILIJAIN OSAKEYHTIÖ,http://tlo.fi/,Europe/Helsinki,N/A,
            ,383990,H.P. MATKABUSSI OY,http://matkabussi-hp.fi/,Europe/Helsinki,N/A,
            ,383991,A. LAMMINMÄKI OY,http://www.lamminmaki.fi/,Europe/Helsinki,N/A,
            ,383992,SATAKUNNAN LIIKENNE OY,http://www.satakunnanliikenne.fi/,Europe/Helsinki,N/A,
            ,383993,LIIKENNEYHTIÖ T. LEHTONEN OY,http://www.liikennevirasto.fi/jl/virhe/,Europe/Helsinki,N/A,
            ,383994,TAIVASSALON AUTO OY,http://www.taivassalonauto.fi/,Europe/Helsinki,N/A,
            ,383995,RAUTAVEDEN LIIKENNE OY,http://www.liikennevirasto.fi/jl/virhe/,Europe/Helsinki,N/A,
            ,383996,SATAKUNNAN PALVELUTAKSI OY,http://satakunnanpalvelutaksi.fi/,Europe/Helsinki,N/A,
            ,383997,LAHTI JUKKA SAKARI,http://www.liikennevirasto.fi/jl/virhe/,Europe/Helsinki,N/A,
            ,383998,LINJA-AUTOLIIKENNE J. SALMINEN OY,http://www.jsalminen.fi/,Europe/Helsinki,N/A,
            ,383999,VÄINÖ PAUNU OY,http://www.paunu.fi/,Europe/Helsinki,N/A,
            ,384000,AARO E. MÄKELÄ OY,http://www.aaroemakela.fi/,Europe/Helsinki,N/A,
            ,384001,RAUTANEN EERO TAPIO,http://www.liikennevirasto.fi/jl/virhe/,Europe/Helsinki,N/A,
            ,384002,JOKILAAKSON TILAUSLIIKENNE KY,http://jokilaaksontilausliikenne.weebly.com/,Europe/Helsinki,N/A,
            ,384003,BUSSI-MANNINEN OY,http://www.bussi-manninen.fi/,Europe/Helsinki,N/A,
            ,384004,YKSPETÄJÄ OY,http://www.ykspetajaoy.fi/,Europe/Helsinki,N/A,
            ,384005,MÄNTÄN TILAUSLIIKENNE OY,http://mantantilausliikenne.fi/,Europe/Helsinki,N/A,
            ,384006,KAAKON KUMIPYÖRÄT OY,http://www.liikennevirasto.fi/jl/virhe/,Europe/Helsinki,N/A,
            ,384007,KYMEN CHARTERLINE OY,http://www.bussimatkatoimisto.fi/,Europe/Helsinki,N/A,
            ,384008,MIODEX OY,https://www.miodex.fi/,Europe/Helsinki,N/A,
            ,384009,LUOPIOISTEN LINJA OY,http://www.luopioistenlinja.fi/,Europe/Helsinki,N/A,
            ,384010,TILAUSLIIKENNE PEKKI KY,http://www.tilausliikennepekki.fi/,Europe/Helsinki,N/A,
            ,384011,E. RANTANEN OY,http://www.liikennevirasto.fi/jl/virhe/,Europe/Helsinki,N/A,
            ,384012,LIIKENNE VUORELA OY,http://www.liikennevuorela.fi/,Europe/Helsinki,N/A,
            ,384013,Savonlinja,http://www.savonlinja.fi,Europe/Helsinki,N/A,
            ,384014,KUOPION LIIKENNE OY,http://www.kuopionliikenne.fi/,Europe/Helsinki,N/A,
            ,384015,RAUTALAMMIN AUTO OY,http://www.rautalamminauto.fi/,Europe/Helsinki,N/A,
            ,384016,SOISALON LIIKENNE OY,http://www.soisalonliikenne.com/,Europe/Helsinki,N/A,
            ,384018,LINJA-AUTOLIIKE Y. MAKKONEN & KUMPP.,http://www.liikennevirasto.fi/jl/virhe/,Europe/Helsinki,N/A,
            ,384019,ANSSIN TILAUSLIIKENNE OY,https://www.anssintilausliikenne.fi/,Europe/Helsinki,N/A,
            ,384020,VIHAVAISEN TAKSI OY,http://www.vihavaisentaksi.fi/,Europe/Helsinki,N/A,
            ,384021,TAXI MATTI NYKÄNEN OY,http://www.taximattinykänen.fi/,Europe/Helsinki,N/A,
            ,384022,KANTAMATKAT OY,http://kantamatkat.fi/,Europe/Helsinki,N/A,
            ,384023,POHJOLAN TURISTIAUTO OY,http://www.pohjolanmatka.fi/,Europe/Helsinki,N/A,
            ,384024,RAUTAVAARAN TILAUSAJO OY,http://www.liikennevirasto.fi/jl/virhe/,Europe/Helsinki,N/A,
            ,384025,KANGASLAMMIN TAKSITAITO OY,http://www.liikennevirasto.fi/jl/virhe/,Europe/Helsinki,N/A,
            ,384026,OY RYTKÖNEN & CO,http://www.rytkonenco.fi/,Europe/Helsinki,N/A,
            ,384027,SAVO-KARJALAN LINJA OY,http://www.savokarjalanlinja.fi/,Europe/Helsinki,N/A,
            ,384028,MIKA K. NISKANEN OY,http://www.mniskanen.fi/,Europe/Helsinki,N/A,
            ,384029,HENKILÖKULJETUS RISSANEN OY,http://www.henkilokuljetusrissanen.fi/,Europe/Helsinki,N/A,
            ,384030,KOIVURANTA OY,http://www.koivuranta.fi/,Europe/Helsinki,N/A,
            ,384031,HAARASILTA TOIVO SAMULI,http://www.samulihaarasilta.fi/,Europe/Helsinki,N/A,
            ,384032,TILLGREN LINES OY,https://www.tillgrenlines.fi/,Europe/Helsinki,N/A,
            ,384033,TILAUSLIIKENNE LAMPINEN OY,http://www.liikennevirasto.fi/jl/virhe/,Europe/Helsinki,N/A,
            ,384034,ERKKI ITKONEN OY,http://www.liikennevirasto.fi/jl/virhe/,Europe/Helsinki,N/A,
            ,384035,REIJO UUSISALO OY,http://www.liikennevirasto.fi/jl/virhe/,Europe/Helsinki,N/A,
            ,384036,JYVÄSKYLÄN LIIKENNE OY,http://www.jyvaskylanliikenne.fi/,Europe/Helsinki,N/A,
            ,384037,TÖYSÄN LINJA OY,http://www.toysanlinja.fi/,Europe/Helsinki,N/A,
            ,384038,VELJEKSET LAHTI KY,http://www.veljeksetlahti.fi/,Europe/Helsinki,N/A,
            ,384039,MJ KATAJAMÄKI AVOIN YHTIÖ,http://www.liikennevirasto.fi/jl/virhe/,Europe/Helsinki,N/A,
            ,384040,OY WIIK & STRÖM AB,http://www.wiik-strom.fi/,Europe/Helsinki,N/A,
            ,384041,LIIKENNE HUOVARI OY,https://www.liikennehuovari.fi/,Europe/Helsinki,N/A,
            ,384042,H. RANTA OY,http://www.hrantaoy.fi/,Europe/Helsinki,N/A,
            ,384043,SEINÄJOEN TILAUSAJO OY,http://www.liikennevirasto.fi/jl/virhe/,Europe/Helsinki,N/A,
            ,384044,KAUHAVAN LIIKENNE OY,http://www.kauhavanliikenne.fi/,Europe/Helsinki,N/A,
            ,384045,ORAVAIS TRAFIK AB - ORAVAISTEN LIIKENNE OY,http://www.oravaistenliikenne.fi/,Europe/Helsinki,N/A,
            ,384046,URPOLAN LIIKENNE KY,http://urpolanliikenne.fi/,Europe/Helsinki,N/A,
            ,384047,INGVES & SVANBÄCK AB OY,http://www.ingsva.fi/?lang=fi,Europe/Helsinki,N/A,
            ,384048,LINJA-AUTOLIIKENNE O.A.AHO OY,http://www.liikennevirasto.fi/jl/virhe/,Europe/Helsinki,N/A,
            ,384049,PEURAN LIIKENNE KY,http://www.matkapeura.fi/fi/peuran-liikenne,Europe/Helsinki,N/A,
            ,384050,PAHKAKANKAAN LIIKENNE KY,http://pahkakangas.fi/,Europe/Helsinki,N/A,
            ,384051,AB STRANDLINJETRAFIK OY,http://www.strandlinjetrafik.fi/index2.html,Europe/Helsinki,N/A,
            ,384052,PEKKALA PETRI KALEVI,http://www.petripekkala.com/,Europe/Helsinki,N/A,
            ,384053,EP MATKAT OY,http://www.liikennevirasto.fi/jl/virhe/,Europe/Helsinki,N/A,
            ,384054,A & P TAIPALE OY,http://www.aptaipale.fi/,Europe/Helsinki,N/A,
            ,384055,KOIVISTO MIKA PENTTI,http://www.liikennevirasto.fi/jl/virhe/,Europe/Helsinki,N/A,
            ,384056,KORPI AKI MARKO SAKARI,http://www.liikennevirasto.fi/jl/virhe/,Europe/Helsinki,N/A,
            ,384057,"EKMANS BUSSAR, ÖPPET BOLAG",http://www.liikennevirasto.fi/jl/virhe/,Europe/Helsinki,N/A,
            ,384058,MANTELAN LIIKENNE OY,http://www.mantelanliikenne.com/,Europe/Helsinki,N/A,
            ,384059,INVATAKSI NIEMI OY,http://www.invataksiniemi.fi/,Europe/Helsinki,N/A,
            ,384060,HÄRMÄN LIIKENNE OY,http://www.harmanliikenne.fi/,Europe/Helsinki,N/A,
            ,384061,ANTTI KANGAS OY,http://www.pohjolanmatka.fi/,Europe/Helsinki,N/A,
            ,384062,KOILLISMAAN TURISTIAUTO OY,http://www.pohjolanmatka.fi/,Europe/Helsinki,N/A,
            ,384063,MATKA-KYLLÖNEN OY,http://personal.inet.fi/yritys/matkakyllonen/,Europe/Helsinki,N/A,
            ,384064,KAI HEIKKINEN OY,http://www.kaiheikkinen.fi/,Europe/Helsinki,N/A,
            ,384065,KAMUSEN LIIKENNE OY,http://www.kamusenliikenne.fi/,Europe/Helsinki,N/A,
            ,384066,J.M. ESKELISEN LAPIN LINJAT OY,http://www.eskelisen.fi/,Europe/Helsinki,N/A,
            ,384067,J.E. KLEMETTI OY,http://www.liikennevirasto.fi/jl/virhe/,Europe/Helsinki,N/A,
            ,384068,LINJA-AUTOLIIKENNE SALMINEN KY,http://www.liikennevirasto.fi/jl/virhe/,Europe/Helsinki,N/A,
            ,384069,KUORTANEEN TAKSI&BUSSI OY,http://www.liikennevirasto.fi/jl/virhe/,Europe/Helsinki,N/A,
            ,384070,KARHUN LIIKENNE OY,http://www.karhunliikenne.fi/,Europe/Helsinki,N/A,
            ,384071,V. ALAMÄKI OY,https://www.v-alamaki.fi/,Europe/Helsinki,N/A,
            ,384072,RUKAN TAKSI JA HUOLTOPALVELU OY SAAPUNKI,http://www.rukataksi.fi,Europe/Helsinki,N/A,
            ,384073,RUKAHUOLTO OY,http://www.rukahuolto.fi/,Europe/Helsinki,N/A,
            ,384074,RAAHEN TILAUSLIIKENNE OY,https://www.raahentilausliikenne.fi/,Europe/Helsinki,N/A,
            ,384075,RUKA CHARTER OY,http://www.rukacharter.fi/,Europe/Helsinki,N/A,
            ,384076,OULAISTEN LIIKENNE OY,http://www.oulaistenliikenne.fi/,Europe/Helsinki,N/A,
            ,384077,NEVAKIVI OY,http://nevakivi.fi/,Europe/Helsinki,N/A,
            ,384078,A. KYLLÖNEN OY,http://www.liikennevirasto.fi/jl/virhe/,Europe/Helsinki,N/A,
            ,384079,KAJAANIN TILA-AUTOT OY,http://www.kajaanintila-autot.fi/,Europe/Helsinki,N/A,
            ,384080,SAVO KAINUUN TILAUSMATKAT KY,http://www.tilausmatkat.info,Europe/Helsinki,N/A,
            ,384081,MÄLLISEN LIIKENNE AVOIN YHTIÖ,http://www.liikennevirasto.fi/jl/virhe/,Europe/Helsinki,N/A,
            ,384082,LESONEN&WIMAN OY,http://www.liikennevirasto.fi/jl/virhe/,Europe/Helsinki,N/A,
            ,384083,TAKSI ANSSI RAUTIAINEN OY SUOMUSSALMI,http://www.liikennevirasto.fi/jl/virhe/,Europe/Helsinki,N/A,
            ,384084,TAHVOLA OY,http://www.liikennevirasto.fi/jl/virhe/,Europe/Helsinki,N/A,
            ,384085,OULUN TAKSIPALVELUT OY,http://www.liikennevirasto.fi/jl/virhe/,Europe/Helsinki,N/A,
            ,384086,LIIKENNE-PASMA OY,http://www.liikennepasma.fi/,Europe/Helsinki,N/A,
            ,384087,UUSITALO PEKKA UTRIA,http://www.liikennevirasto.fi/jl/virhe/,Europe/Helsinki,N/A,
            ,384088,LIIKENNE LOHINIVA OY,https://www.lohiniva.fi/,Europe/Helsinki,N/A,
            ,384089,RAJALINJAT OY,http://www.liikennevirasto.fi/jl/virhe/,Europe/Helsinki,N/A,
            ,384090,KEMIN TAKSIPALVELU OY,http://www.liikennevirasto.fi/jl/virhe/,Europe/Helsinki,N/A,
            ,384091,TILAUSLIIKENNE TERVOLA KY,http://www.liikennevirasto.fi/jl/virhe/,Europe/Helsinki,N/A,
            ,384092,JBUS OY,http://www.jbus.fi/,Europe/Helsinki,N/A,
            ,384093,KUTILAN LIIKENNE OY,http://www.kutilan.fi/,Europe/Helsinki,N/A,
            ,384094,KAINUUN RIKSA KY,http://www.liikennevirasto.fi/jl/virhe/,Europe/Helsinki,N/A,
            ,384095,KAINUUN TILAUSLIIKENNE P. JÄÄSKELÄINEN KY,http://www.kainuuntilausliikenne.fi/,Europe/Helsinki,N/A,
            ,384096,PUOLANGAN BUSSIPALVELU KY,https://www.puolanganbussipalvelu.fi/,Europe/Helsinki,N/A,
            ,384097,HONKASEN LIIKENNE AVOIN YHTIÖ,http://www.liikennevirasto.fi/jl/virhe/,Europe/Helsinki,N/A,
            ,384098,REVON TURISTILIIKENNE OY,http://revonturistiliikenne.fi/,Europe/Helsinki,N/A,
            ,384099,SUTINEN TAISTO JUHANI,http://www.liikennevirasto.fi/jl/virhe/,Europe/Helsinki,N/A,
            ,384100,LIIKENNE-PELTOPERÄ OY,http://personal.inet.fi/yritys/liikennepeltopera/,Europe/Helsinki,N/A,
            ,384101,MÖLLÄRIN LINJAT OY,http://www.mollarinlinjat.fi/,Europe/Helsinki,N/A,
            ,384102,VEKKA LIIKENNE OY,http://www.vekkaliikenne.fi/,Europe/Helsinki,N/A,
            ,384103,MIKKOLAN LIIKENNE OY,http://testi.mikkolan-liikenne.fi/,Europe/Helsinki,N/A,
            ,384104,TILAUSLIIKENNE ALI-VEHMAS AVOIN YHTIÖ,http://www.liikennevirasto.fi/jl/virhe/,Europe/Helsinki,N/A,
            ,384105,ELLI-MARJA KULTIMA KY,http://www.kilpistaksi.com/,Europe/Helsinki,N/A,
            ,384106,POHJANRINNE ARTO JUHANI,http://www.liikennevirasto.fi/jl/virhe/,Europe/Helsinki,N/A,
            ,384107,AIRPORT EXPRESS ROVANIEMI OY,http://www.liikennevirasto.fi/jl/virhe/,Europe/Helsinki,N/A,
            ,384108,KOSKILINJAT OY,http://www.koskilinjat.fi/,Europe/Helsinki,N/A,
            ,384109,ORAJÄRVEN BUSSIT OY,http://www.orajarvenbussit.fi/,Europe/Helsinki,N/A,
            ,384110,K.HEKKANEN OY,http://www.liikennevirasto.fi/jl/virhe/,Europe/Helsinki,N/A,
            ,384111,NORTH EUROPEAN BUS TOURS KY,http://www.net-matkat.fi/,Europe/Helsinki,N/A,
            ,384112,INTER KULJETUS OY,http://interkuljetus.fi/index.html,Europe/Helsinki,N/A,
            ,384113,Puolangan Bussipalvelu Ky,https://www.puolanganbussipalvelu.fi/,Europe/Helsinki,050 59 59 59 0,
            ,384114,Seinäjoki,http://www.seinajoki.fi/asuminenjaymparisto/kadutjaliikenne/joukkoliikenne/paikallisliikenne_0.html,Europe/Helsinki,,
pori        ,384115,Porin Linjat Oy,http://www.porinlinjat.fi,Europe/Helsinki,+358447012912,
            ,384116,Pakkalan Liikenne,http://www.liikennevirasto.fi/jl/virhe/,Europe/Helsinki,,
            ,384117,Pakkalan Liikenne Avoin yhtiö,http://www.liikennevirasto.fi/jl/virhe/,Europe/Helsinki,,
            ,384118,Tillgren Lines Oy,http://www.tillgrenlines.fi,Europe/Helsinki,,
            ,384119,Pakkalan Liikenne Avoin Yhtiö,http://www.liikennevirasto.fi/jl/virhe/,Europe/Helsinki,,
            ,384120,Ventoniemi Oy,http://www.ventoniemi.fi/etusivu.php,Europe/Helsinki,,
            ,384122,Seinäjoki,http://www.seinajoki.fi/asuminenjaymparisto/kadutjaliikenne/joukkoliikenne/paikallisliikenne_0.html,Europe/Helsinki,,
            ,384123,Sotkamon kunta,http://www.liikennevirasto.fi/jl/virhe/,Europe/Helsinki,,
            ,384124,Ikaalisten kaupunki,http://www.ikaalinen.fi,Europe/Helsinki,,
            ,384125,Seinäjoki,http://www.seinajoki.fi/asuminenjaymparisto/kadutjaliikenne/joukkoliikenne/paikallisliikenne_0.html,Europe/Helsinki,,
            ,384126,Härmän Liikenne Oy,http://www.harmanliikenne.fi/,Europe/Helsinki,,
            ,384127,Härmän Liikenne Oy,http://www.harmanliikenne.fi/,Europe/Helsinki,,
            ,384128,Liikenne O.Niemelä Oy,http://www.liikenneniemela.fi,Europe/Helsinki,016-312280,http://www.matkahuolto.fi
            ,384130,Härmän Liikenne Oy,http://www.harmanliikenne.fi/,Europe/Helsinki,,
            ,384131,Veljekset Viitala Oy,http://www.liikennevirasto.fi/jl/virhe/,Europe/Helsinki,,
            ,384132,Forbus Ky,http://www.liikennevirasto.fi/jl/virhe/,Europe/Helsinki,,
            ,384133,Liikenne O.Niemelä Oy,http://www.liikenneniemela.fi,Europe/Helsinki,+358 16-315280,http://www.matkahuolto.fi
            ,384134,Juupajoen kunta,http://www.juupajoki.fi/kuntainfo/liikenneyhteydet,Europe/Helsinki,03-3775100,
            ,384135,Toimi Vento Ky,http://www.liikennevirasto.fi/jl/virhe/,Europe/Helsinki,,
            ,384136,Loviisan kaupunki,http://www.liikennevirasto.fi/jl/virhe/,Europe/Helsinki,,
            ,384137,H. Ranta Oy,http://www.hrantaoy.fi,Europe/Helsinki,,
            ,384138,Ventoniemi Oy,http://www.ventoniemi.fi/etusivu.php,Europe/Helsinki,,http://www.matkahuolto.fi
            ,384139,Ventoniemi Oy,http://www.ventoniemi.fi/etusivu.php,Europe/Helsinki,,
            ,384140,Viitasaaren Tilausliikenne Oy,http://www.liikennevirasto.fi/jl/virhe/,Europe/Helsinki,,http://www.viitasaarentilausliikenne.fi
            ,384141,Järvenpään kaupunki,http://www.liikennevirasto.fi/jl/virhe/,Europe/Helsinki,,
            ,384142,Matka-Niinimäki Oy,http://www.matka-niinimaki.fi,Europe/Helsinki,02-4865880,
            ,384143,Tillgren Lines Oy,http://www.liikennevirasto.fi/jl/virhe/,Europe/Helsinki,,
            ,384145,H. Ranta Oy,http://www.liikennevirasto.fi/jl/virhe/,Europe/Helsinki,,
            ,384146,Matka-Niinimäki Oy,https://www.matka-niinimaki.fi/,Europe/Helsinki,02-4865880,
            ,384147,Matka-Niinimäki Oy,http://matka-niinimaki.fi,Europe/Helsinki,024865880,
            ,384148,Matka-Niinimäki Oy,http://www.matka-niinimaki.fi,Europe/Helsinki,024865880,
            ,384149,Kutilan Liikenne Oy,http://www.liikennevirasto.fi/jl/virhe/,Europe/Helsinki,,
            ,384150,Matka-Salonen Oy,http://www.liikennevirasto.fi/jl/virhe/,Europe/Helsinki,,
            ,384151,Niittumaa Oy,http://www.liikennevirasto.fi/jl/virhe/,Europe/Helsinki,,
            ,384152,Taksi Kotikivi Oy,http://www.liikennevirasto.fi/jl/virhe/,Europe/Helsinki,,
            ,384153,Härmän Liikenne Oy,http://www.harmanliikenne.fi/,Europe/Helsinki,,http://www.harmanliikenne.fi
            ,384154,Airport Express Rovaniemi Oy,http://airportbus.fi,Europe/Helsinki,,
            ,384155,Linja-autoliikenne Salonen Ky,http://www.liikennevirasto.fi/jl/virhe/,Europe/Helsinki,,
            ,384156,Airport Express Rovaniemi Oy,https://airportbus.fi/,Europe/Helsinki,,
pori        ,384157,Porin Linjat Oy,http://www.liikennevirasto.fi/jl/virhe/,Europe/Helsinki,,
            ,384158,Seinäjoki,http://www.seinajoki.fi/asuminenjaymparisto/kadutjaliikenne/joukkoliikenne/paikallisliikenne_0.html,Europe/Helsinki,,
kajaani     ,384159,Vekka Liikenne Oy,http://www.vekkaliikenne.fi,Europe/Helsinki,,
kajaani     ,384160,Liikenne M. Heikura Oy,http://www.google.fi,Europe/Helsinki,,
kajaani     ,384161,Pohjolan Matka (Pohjolan Turistiauto Oy),http://www.pohjolanmatka.fi,Europe/Helsinki,,
kajaani     ,384162,Kajaanin Tila-autot Oy,http://www.ktaoy.fi,Europe/Helsinki,,
kouvola     ,384163,KYMEN CHARTERLINE OY,http://www.bussimatkatoimisto.fi/,Europe/Helsinki,,
kouvola     ,384164,Linjaliikenne Martti Laurila Oy,http://marttilaurila.com/,Europe/Helsinki,,
kouvola     ,384165,Linja-autoliikenne P. Puolakka Ky,http://www.puolakka.com/,Europe/Helsinki,,
kouvola     ,384166,Anjalankosken Linja Oy,http://anjalankoskenlinja.fi/,Europe/Helsinki,,
kouvola     ,384167,Oy Pohjolan Liikenne Ab,http://www.pohjolanliikenne.fi,Europe/Helsinki,,
kouvola     ,384168,Elimäen Liikenne Oy,http://www.elimaenliikenne.fi/,Europe/Helsinki,,
kouvola     ,384169,Matkatoimisto Matka-Majuri Ky,http://matka-majuri.fi/,Europe/Helsinki,,
kouvola     ,384170,Tilaustaksit K. Sydänmaanlakka Ky,https://www.tilaustaksit.fi/,Europe/Helsinki,,
lahti       ,384171,Koiviston Auto Oy,http://www.koivistonauto.fi/,Europe/Helsinki,,
lahti       ,384172,Bus Travel Oy Reissu Ruoti,http://www.reissuruoti.fi/,Europe/Helsinki,,
lahti       ,384173,Lehtimäen Liikenne Oy,http://www.lehtimakigroup.fi/,Europe/Helsinki,,
lahti       ,384174,Haarasilta Toivo Samuli,http://www.samulihaarasilta.fi/,Europe/Helsinki,,
lahti       ,384175,Tilausliikenne Kuisma Ky,https://www.heinola.fi/palvelubussi-kulkunen,Europe/Helsinki,,
lahti       ,384176,Järvisen Liikenne Oy,http://jarvisenliikenne.fi/,Europe/Helsinki,,
joensuu     ,384177,Savo-Karjalan Linja Oy,http://www.savokarjalanlinja.fi/,Europe/Helsinki,,
joensuu     ,384178,Savonlinja,http://www.savonlinja.fi,Europe/Helsinki,,
vaasa       ,384179,Ab Wasa Citybus Oy,https://www.wasacitybus.fi/,Europe/Helsinki,,
vaasa       ,384180,Oy Wiik & Ström Ab,http://www.wiik-strom.fi,Europe/Helsinki,,
vaasa       ,384181,Oravaisten Liikenne Oy,http://www.oravaistenliikenne.fi,Europe/Helsinki,,
vaasa       ,384182,Invataksi Niemi Oy,http://www.invataksiniemi.fi,Europe/Helsinki,,
lappeenranta,384183,Savonlinja,http://www.savonlinja.fi,Europe/Helsinki,,
lappeenranta,384184,TOIMI VENTO KY,http://www.toimivento.com/,Europe/Helsinki,,
lappeenranta,384185,Kuljetus Mikkonen Ky,http://www.kuljetusmikkonen.com/,Europe/Helsinki,,
lappeenranta,384186,E. RANTANEN OY,http://erantanen.fi,Europe/Helsinki,,
kuopio      ,384187,Kuopion Liikenne Oy,http://www.kuopionliikenne.fi/,Europe/Helsinki,,
kuopio      ,384188,Savonlinja,http://www.savonlinja.fi,Europe/Helsinki,,
kuopio      ,384189,Oy Pohjolan liikenne Ab,http://www.pohjolanliikenne.fi,Europe/Helsinki,,
kuopio      ,384190,Jääskeläisen Auto Oy,http://www.jaaskelaisenauto.fi/,Europe/Helsinki,,
kuopio      ,384191,Vihavaisen Taksi Oy,http://vihavaisentaksi.fi/,Europe/Helsinki,,
kuopio      ,384192,Savo-Karjalan Linja Oy,http://www.savokarjalanlinja.fi/,Europe/Helsinki,,
kuopio      ,384193,Linja-autoliike E Ahonen Ky,http://www.eahonen.com,Europe/Helsinki,,
kuopio      ,384194,Kuopion Tila-Auto Oy,http://www.tila-auto.com,Europe/Helsinki,,
mikkeli     ,384195,Tuplabus,https://www.mikkeli.fi/sisalto/palvelut/joukkoliikenne-2,Europe/Helsinki,,
mikkeli     ,384196,Ihastjärven Linja Oy,https://www.mikkeli.fi/sisalto/palvelut/joukkoliikenne-2,Europe/Helsinki,,
mikkeli     ,384197,Tilausliikenne Himanen,https://www.mikkeli.fi/sisalto/palvelut/joukkoliikenne-2,Europe/Helsinki,,
mikkeli     ,384198,Soisalon Liikenne Oy,https://www.mikkeli.fi/sisalto/palvelut/joukkoliikenne-2,Europe/Helsinki,,
mikkeli     ,384199,Savonlinja,http://www.savonlinja.fi,Europe/Helsinki,,
mikkeli     ,384200,Tarkiainen Matti Olavi,https://www.mikkeli.fi/sisalto/palvelut/joukkoliikenne-2,Europe/Helsinki,,
mikkeli     ,384201,Vihavaisen Taksi Oy,https://www.mikkeli.fi/sisalto/palvelut/joukkoliikenne-2,Europe/Helsinki,,
mikkeli     ,384202,Hanskin Tilausliikenne,https://www.mikkeli.fi/sisalto/palvelut/joukkoliikenne-2,Europe/Helsinki,,
mikkeli     ,384203,ELY,https://www.mikkeli.fi/sisalto/palvelut/joukkoliikenne-2,Europe/Helsinki,,
mikkeli     ,384204,Kantamatkat,https://www.mikkeli.fi/sisalto/palvelut/joukkoliikenne-2,Europe/Helsinki,,
kotka       ,384205,Oy Pohjolan liikenne Ab,http://www.pohjolanliikenne.fi,Europe/Helsinki,,
kotka       ,384206,Jyrkilä Oy,http://www.jyrkila.com/,Europe/Helsinki,,
kotka       ,384207,KYMEN CHARTERLINE OY,http://www.bussimatkatoimisto.fi/,Europe/Helsinki,,
kotka       ,384208,Liikenne Vuorela Oy,http://www.liikennevuorela.fi/,Europe/Helsinki,,
kotka       ,384209,Savonlinja,http://www.savonlinja.fi,Europe/Helsinki,,
kotka       ,384210,Kaakon Kumipyörät Oy,http://www.skippytrans.com/,Europe/Helsinki,,
hameenlinna ,384211,Valkeakosken Liikenne Oy,http://www.valkeakoskenliikenne.fi,Europe/Helsinki,,
hameenlinna ,384212,Vekka Liikenne Oy,http://www.vekkaliikenne.fi,Europe/Helsinki,,
hameenlinna ,384213,Mikkolan Liikenne Oy*,http://testi.mikkolan-liikenne.fi,Europe/Helsinki,,
hameenlinna ,384214,Länsilinjat Oy,http://www.lansilinjat.fi,Europe/Helsinki,,
hameenlinna ,384215,Inter Kuljetus Oy,http://www.interkuljetus.fi,Europe/Helsinki,,
hameenlinna ,384216,Lehdon Liikenne Oy,http://www.lehdonliikenne.fi,Europe/Helsinki,,
hameenlinna ,384217,Miodex Oy,https://www.miodex.net/,Europe/Helsinki,,
hameenlinna ,384218,Yhdysliikenne Oy,http://www.pekolanliikenne.fi,Europe/Helsinki,,
hameenlinna ,384219,Pekolan Liikenne Oy,http://www.pekolanliikenne.fi,Europe/Helsinki,,
hameenlinna ,384220,Triviabus*,http://www.triviabus.fi/,Europe/Helsinki,,
hameenlinna ,384221,Tilausliikenne Ali-Vehmas Ay,http://www.tilausliikenne-ali-vehmas.fi,Europe/Helsinki,,
rovaniemi   ,384222,Koskilinjat Oy,http://www.koskilinjat.fi/,Europe/Helsinki,,
kajaani     ,384223,Kai Heikkinen Oy,http://www.kaiheikkinen.fi/,Europe/Helsinki,,
kajaani     ,384224,Kajaanin Tila-autot Oy,http://www.ktaoy.fi/,Europe/Helsinki,,
kajaani     ,384225,A Kyllönen Oy,http://www.akyllonen.fi/,Europe/Helsinki,,
kajaani     ,384226,Pohjolan Matka (Pohjolan Turistiauto Oy),http://www.pohjolanmatka.fi/,Europe/Helsinki,,
kajaani     ,384227,Matka-Kyllönen Oy,https://www.matka-kyllonen.fi/,Europe/Helsinki,,
kajaani     ,384228,Puolangan Bussipalvelu Ky,https://www.puolanganbussipalvelu.fi/,Europe/Helsinki,,
kajaani     ,384229,Kainuun Tilausliikenne P. Jääskeläinen Ky,http://www.kainuuntilausliikenne.fi/,Europe/Helsinki,,
kajaani     ,384230,Kainuun Riksa Ky,http://www.riksabussit.fi/,Europe/Helsinki,,
kajaani     ,384231,SUTINEN TAISTO JUHANI,http://www.kuhmontaksipalvelu.fi/,Europe/Helsinki,,
kajaani     ,384232,Honkasen Liikenne,http://www.honkasenliikenne.fi/,Europe/Helsinki,,
kajaani     ,384233,Savo Kainuun Tilausmatkat Ky,https://www.tilausmatkat.info/,Europe/Helsinki,,
            ,384234,LINJA-AUTOLIIKE YRJÖ MAKKONEN & KUMPP,http://www.linja-autoliikeymakkonen.fi/,Europe/Helsinki,,
            ,384235,Linja-autoliike Veljekset Laitinen Oy,http://www.linja-autoliikelaitinen.fi,Europe/Helsinki,,
            ,384236,MIKA K. NISKANEN OY,http://www.mniskanen.fi/,Europe/Helsinki,,
            ,384237,Pohjolan Matka (Pohjolan Turistiauto Oy),http://www.pohjolanmatka.fi,Europe/Helsinki,,
            ,384238,Oy Rytkönen & Co,http://www.rytkonenco.fi,Europe/Helsinki,,
            ,384239,HENKILÖKULJETUS RISSANEN OY,http://www.henkilokuljetusrissanen.fi/,Europe/Helsinki,,
            ,384240,S.J.TOIVONEN OY,http://s-j-toivonen-oy.kuljettaa.fi,Europe/Helsinki,,
            ,384241,Erkki Itkonen Oy,http://erkki-itkonen-oy.kuljettaa.fi,Europe/Helsinki,,
joensuu     ,384242,Savonlinja,http://www.savonlinja.fi,Europe/Helsinki,,
joensuu     ,384243,Savo-Karjalan Linja Oy,http://www.savokarjalanlinja.fi,Europe/Helsinki,,
joensuu     ,384244,Savonlinja,http://www.savonlinja.fi,Europe/Helsinki,,
kuopio      ,384245,Kantamatkat,http://www.kantamatkat.fi,Europe/Helsinki,,
kuopio      ,384246,MIKA K. NISKANEN OY,http://www.mniskanen.fi/,Europe/Helsinki,,
kuopio      ,384247,Kuopion Liikenne Oy,http://www.kuopionliikenne.fi,Europe/Helsinki,,
kuopio      ,384248,Koivuranta Oy,http://www.koivuranta.fi,Europe/Helsinki,,
kuopio      ,384249,Rautalammin Auto Oy,http://www.rautalamminauto.fi,Europe/Helsinki,,
mikkeli     ,384250,Savonlinja,http://www.savonlinja.fi,Europe/Helsinki,,
mikkeli     ,384251,SOISALON LIIKENNE OY,http://www.soisalonliikenne.com/,Europe/Helsinki,,
mikkeli     ,384252,SAIMAAN TURISTILIIKENNE OY,http://KeksittyOsoiteSaimaanturistiliikenneoy.fi,Europe/Helsinki,,
vr          ,4,VR Osakeyhtiö,https://www.vr.fi,Europe/Helsinki,,
